text,href
Uriage AGE PROTECT MULTI-CORRECTION FILLER kremas 30ml,https://www.herba.lt/uriage-age-protect-multi-correction-filler-kremas-30ml
Uriage AGE PROTECT MULTI-ACTION serumas 30ml,https://www.herba.lt/uriage-age-protect-multi-action-serumas-30ml
Uriage AGE PROTECT MULTI-ACTION PEELING naktinis kremas 50ml,https://www.herba.lt/uriage-age-protect-multi-action-peeling-nakt-kremas-50ml
Uriage AGE PROTECT MULTI-ACTION SPF30 veido kremas 40ml,https://www.herba.lt/uriage-age-protect-multi-action-spf30-veido-kremas-40ml
Uriage AGE PROTECT MULTI-ACTION SPF30 emulsija 40ml,https://www.herba.lt/uriage-age-protect-multi-action-spf30-emulsija-40ml-7476
Uriage AGE PROTECT MULTI-ACTION emulsija 40ml,https://www.herba.lt/uriage-age-protect-multi-action-emulsija-40ml
Uriage AGE PROTECT MULTI-ACTION DETOX naktinis kremas 40ml,https://www.herba.lt/uriage-age-protect-multi-action-detox-nakt-kremas-40ml
Uriage AGE PROTECT MULTI-ACTION kremas 40ml,https://www.herba.lt/uriage-age-protect-multi-action-veido-kremas-40ml
"Uriage Huile Xemose aliejinis prausiklis, 1 l",https://www.herba.lt/uriage-huile-aliejinis-prausiklis-1-l
Uriage Xemose aliejinis balzamas 500ml (su dozatoriumi),https://www.herba.lt/uriage-xemose-balzamas-aliejinis-500ml
"Uriage Xemose universalus minkštinamasis kremas su dozatoriumi, 400ml",https://www.herba.lt/uriage-xemose-minkstinamasis-kremas-dozatorius-400ml
Uriage AGE PROTECT MULTI-ACTION paakių kremas 15ml,https://www.herba.lt/uriage-age-protect-multi-action-paakiu-kremas-15ml
Rinkinys Uriage: Xemose Kit 4 in 1,https://www.herba.lt/rinkinys-uriage-xemose-kit-4-priemones
"Uriage valomasis micelinis vanduo mišriai ir riebiai odai, 500ml",https://www.herba.lt/uriage-micelinis-valomasis-vanduo-m-r-500ml
"Uriage valomasis micelinis vanduo normaliai ir sausai odai, 500ml",https://www.herba.lt/uriage-micelinis-valomasis-vanduo-n-s-500ml
"Uriage Micelinis valomasis vanduo jautriai odai, 500ml",https://www.herba.lt/uriage-micelinis-valomasis-vanduo-jautriai-odai-500ml
"Kūno kremas labai sausai odai Uriage Xemose Cerat, 200ml",https://www.herba.lt/uriage-xemose-cerat-kremas-200ml
Uriage Hyseac gelinis prausiklis 500ml,https://www.herba.lt/uriage-hyseac-gelinis-prausiklis-500ml
"Uriage Bariesun SPF50+ kompaktinė kreminė pudra, su atspalviu 10g",https://www.herba.lt/uriage-bariesun-spf50-kompaktine-pudra-su-atspalviu-10g
"Uriage Bariesun Huile aliejinis purškalas SPF30, 200ml",https://www.herba.lt/uriage-bariesun-huile-aliejinis-purskalas-spf30-200ml
Uriage Baby 1ERE Huile Lavante prausiklis 500ml,https://www.herba.lt/uriage-baby-1ere-huile-prausiklis-500ml
"Uriage Bariesun 100, SPF50+ emulsija 50ml",https://www.herba.lt/uriage-bariesun-100-spf50-emulsija-50ml
"Uriage Huile aliejinis prausiklis sausai ir jautriai odai, 500ml",https://www.herba.lt/huile-aliejinis-prausiklis-kunui-500ml
"Uriage Xemose Huile aliejinis prausiklis, 500ml",https://www.herba.lt/uriage-xemose-huile-aliejinis-prausiklis-500ml
"Uriage Baby Lavante prausiklis, 1 l",https://www.herba.lt/uriage-baby-lavante-prausiklis-vaikams-1
"Uriage Lavante prausiklis jautriai odai, 1 ltr.",https://www.herba.lt/uriage-lavante-prausiklis-jautriai-odai-1-l
"Uriage Surgras universalus kūno prausiklis jautriai odai, 1l",https://www.herba.lt/uriage-surgras-prausiklis-1-l
"Uriage Xemose dulksna SOS niežtinčiai odai, 200ml",https://www.herba.lt/uriage-xemose-dulksna-sos-nieztinciai-odai-200ml
Rinkinys Uriage: Uriage Bariesun SPF50+ kremas 50 ml (su Uriage terminiu vandeniu 50ml),https://www.herba.lt/rinkinys-uriage-bariesun-spf50-krem-50ml-terminis-vanduo-50ml
"Uriage Micelinis valomasis vanduo Fragrance Free, 500ml",https://www.herba.lt/uriage-micelinis-valomasis-vanduo-intolerant-500ml
Rinkinys Uriage: POWER3 rutuliniai dezodorantai 2 vnt. x 50ml,https://www.herba.lt/rinkinys-uriage-dezodorantai-power3-50ml-x-2-vnt
Bariederm Cica Huile aliejus nuo strijų 100ml,https://www.herba.lt/bariederm-cica-huile-aliejus-nuo-striju-100ml
"Uriage Xemose Visage veido kremas, 40ml",https://www.herba.lt/uriage-xemose-visage-veido-kremas-atopinei-odai-40ml
"Uriage Gommante kreminis kūno šveitiklis, 200ml",https://www.herba.lt/uriage-gommante-kuno-sveitiklis-kremas-200ml
"Gaivinantis intymios higienos gelis Uriage GYN PHY, 500 ml",https://www.herba.lt/uriage-gaivus-gelis-intymiai-higienai-gyn-phy-500ml
"Uriage Xemose prausiklis itin sausai odai, 500ml",https://www.herba.lt/uriage-xemose-prausiklis-500ml
"Uriage EAU THERMALE koncentruotas veido serumas, skystas 100ml",https://www.herba.lt/uriage-eau-thermale-koncentruotas-serumas-skystas-100ml
"URIAGE vaikiškas losjonas BARIESUN, SPF 50+, 100 ml",https://www.herba.lt/uriage-bariesun-losjonas-spf50-lait-enfants-100ml
Uriage UV apsauginis kremas Bariesun SPF50+ 50ml,https://www.herba.lt/uriage-uv-apsauginis-kremas-spf50-50ml
"Uriage Bariederm kremas, 75 ml",https://www.herba.lt/bariederm-uriage-kremas-75ml
Uriage Bariesun UV apsauginis kremas SPF50+ Minerale 50ml,https://www.herba.lt/uv-apsauginis-kremas-spf50-minerale-50ml
"Uriage Lavante prausiklis jautriai odai, 500ml",https://www.herba.lt/uriage-lavante-prausiklis-500ml
"Uriage EAU THERMALE intensyvus drėkinamasis serumas veidui, 30ml",https://www.herba.lt/uriage-eau-thermale-rich-intensyvus-drekinamasis-serumas-30ml
"Uriage D.S. emulsija pleiskanojančiai odai, 40 ml",https://www.herba.lt/uriage-ds-reguliuojanti-emulsija-pleiskanojanciai-odai-40ml
"Uriage EAU THERMALE švelnus drėkinamasis kūno pienelis , 500ml",https://www.herba.lt/uriage-eau-thermale-svelnus-pienelis-kunui-500ml
"Maitinamasis kūno balzamas Uriage Eau Thermale, 200ml",https://www.herba.lt/uriage-eau-thermale-drekinamasis-balzamas-kunui-200ml
"Uriage Baby kvapusis vanduo, 50ml",https://www.herba.lt/uriage-baby-kvapusis-vanduo-50ml
"Uriage UV Bariesun apsauginis purškalas SPF30, 200ml",https://www.herba.lt/uriage-uv-apsauginis-purskalas-spf30-200ml
"Uriage Hyseac serumas, 40ml ",https://www.herba.lt/uriage-hyseac-serumas-40ml
"Uriage Hyseac 3-Regul Global SPF30 toninis kremas, 40ml",https://www.herba.lt/uriage-hyseac-3-regul-global-spf30-su-atspalviu-40ml
"Uriage Tolederm Control kremas akių sričiai, 15ml",https://www.herba.lt/uriage-tolederm-control-paakiu-kremas-15ml
"Uriage Surgras universalus kūno prausiklis jautriai odais, 500 ml",https://www.herba.lt/uriage-surgras-prausiklis-kunui-400ml
"Uriage EAU THERMALE BEAUTIFIER drėkinamasis kremas, 40ml",https://www.herba.lt/uriage-eau-thermale-beautifier-drekinamasis-kremas-40ml
"Uriage EAU THERMALE drėkinamasis kremas SPF20, 40ml",https://www.herba.lt/uriage-eau-thermale-drekin-kremas-spf20-40ml
"Uriage Roseliane SPF30 kremas veidui, 40ml",https://www.herba.lt/uriage-roseliane-spf30-kremas-veidui-40ml
"Uriage Pruriced kremas, 100ml",https://www.herba.lt/uriage-pruriced-kremas-100ml
"Uriage Roseliane riebus kremas raudonuoti linkusiai veido odai, 50 ml",https://www.herba.lt/uriage-roseliane-riebus-kremas-veidui-40ml
Uriage valomasis pienelis N/S 250ml,https://www.herba.lt/uriage-valomasis-pienelis-ns-250ml
"Uriage Roseliane kremas raudonuoti linkusiai veido odai, 40 ml",https://www.herba.lt/uriage-roseliane-kremas-raudonuojanciai-veido-odai-40ml
"Uriage valomasis losjonas Roseliane raudonuoti linkusiai veido odai, 250ml",https://www.herba.lt/uriage-roseliane-valomasis-losjonas-250ml
Uriage Hyseac valomasis tonikas 250ml,https://www.herba.lt/uriage-hyseac-valomasis-tonikas-250ml
Uriage Hyseac apsauginė emulsija SPF50+ 50ml,https://www.herba.lt/uriage-hyseac-apsaugine-emulsija-spf50-50ml
"Uriage Hyseac Hydra kremas, 40ml",https://www.herba.lt/uriage-hyseac-hydra-40ml
"Uriage Hyseac kreminis prausiklis, 150ml",https://www.herba.lt/uriage-hyseac-kreminis-prausiklis-riebiai-odai-150ml
Uriage Hyseac gelinis prausiklis 150ml ,https://www.herba.lt/uriage-hyseac-valomasis-gelis-150ml
Uriage Tolederm maitinamasis kremas 50ml,https://www.herba.lt/uriage-tolederm-maitinamasis-kremas-jautriai-odai-50ml
Uriage Tolederm Rich veido kremas 40ml ,https://www.herba.lt/uriage-tolederm-maitinamasis-kremas-new-40ml
Uriage Tolederm veido kremas 40ml,https://www.herba.lt/uriage-tolederm-drekinamasis-kremas-new-40ml
"Uriage Hyseac Bi-Stick, koreguojamasis pieštukas, 3ml/1g",https://www.herba.lt/uriage-hyseac-bi-stick-koreguojamasis-piestukas-3ml
Uriage Hyseac 3-Regul Global lengvas kremas 40ml,https://www.herba.lt/uriage-hyseac-3-regul-global-40ml
"Uriage Roseliane kaukė raudonuoti linkusiai veido odai, 40 ml",https://www.herba.lt/uriage-roseliane-kauke-veidui-40ml
"ROSÉLIANE – CC CREAM SPF50+, 40 ml",https://www.herba.lt/uriage-roseliane-cc-kremas-universalus-toninis-koreguojamasis-spf50-40ml
"Uriage Roseliane CC kremas, toninis, apsauginis SPF30, 40ml",https://www.herba.lt/uriage-roseliane-cc-kremas-universalus-toninis-koreguojamasis-spf30-40ml
"Uriage D.S. valomasis gelis sausai ir sudirgusiai odai, 150 ml",https://www.herba.lt/uriage-ds-valomasis-gelis-sudirgusiai-odai-150ml
Uriage Baby Cu-Zn purškalas 100ml,https://www.herba.lt/uriage-baby-cu-zn-purskalas-sudirgusiai-odai-100ml
"Uriage D.S. Hair keratolitinio poveikio šampūnas, 150ml",https://www.herba.lt/uriage-d-s-keratolitinio-poveikio-sampunas-150ml
Uriage EAU THERMALE naktinė kaukė 50ml,https://www.herba.lt/uriage-eau-thermale-kauke-nakciai-50ml
"Uriage Micelinis valomasis vanduo jautriai odai, 250ml",https://www.herba.lt/uriage-valomasis-micelinis-vanduo-jautriai-odai-250ml
"Uriage valomasis micelinis vanduo mišriai ir riebiai odai, 250ml",https://www.herba.lt/uriage-valomasis-micelinis-vanduo-m-r-250ml
"Uriage valomasis micelinis vanduo normaliai ir sausai odai, 250 ml",https://www.herba.lt/uriage-valomasis-micelinis-vanduo-n-s-250ml
"Uriage EAU THERMALE paakių kremas-gelis, 15ml",https://www.herba.lt/uriage-eau-thermale-paakiu-kremas-15ml
"Uriage EAU THERMALE RICH drėkinamasis kremas, 40ml",https://www.herba.lt/uriage-eau-thermale-rich-drekinamasis-kremas-40ml
Uriage EAU THERMALE GELEE drėkinamasis gelis 40ml,https://www.herba.lt/uriage-eau-thermale-gelee-drekinamasis-gelis-40ml
"Uriage EAU THERMALE drėkinamasis kremas, 40ml",https://www.herba.lt/uriage-eau-thermale-d-eau-kremas-40ml
"Uriage prausimosi putos veidui ir akims, 150ml ",https://www.herba.lt/uriage-prausimosi-putos-veidui-ir-akims-150ml
"Uriage Bariesun gaivus purškalas po saulės, 150ml",https://www.herba.lt/bariesun-gaivus-purskalas-po-saules-150ml
Uriage Hyseac valomoji kaukė PEEL-OFF 50ml ,https://www.herba.lt/uriage-hyseac-valomoji-kauke-peel-off-50ml
"Uriage Hyseac pasta SOS, 15g",https://www.herba.lt/uriage-hyseac-pasta-sos-15g
"Uriage D.S. Hair šampūnas nuo pleiskanų, 200ml",https://www.herba.lt/uriage-d-s-sampunas-nuo-pleiskanu-200ml
Uriage rutulinis dezodorantas 50ml,https://www.herba.lt/uriage-rutulinis-dezodorantas-jautriai-odai-50ml
"Uriage Baby Lavante prausiklis, 500ml",https://www.herba.lt/uriage-baby-lavante-prausiklis-500ml
Uriage Cold kremas 100 ml ,https://www.herba.lt/uriage-cold-kremas-t-100ml
"Uriage Dezodorantas purškiamas, 125ml",https://www.herba.lt/uriage-dezodorantas-purskiamas-125ml
"Uriage Lavante prausiklis jautriai odai, 200ml",https://www.herba.lt/uriage-lavante-prausiklis-jautriai-odai-200ml
Uriage Bariederm tepalas nuo įtrūkimų 40ml,https://www.herba.lt/uriage-bariederm-tepalas-nuo-itrukimu-40ml
Uriage Keratosane 30 gelis-kremas kūnui 40 ml ,https://www.herba.lt/uriage-keratosane-30-gelis-kremas-40ml
"Uriage Depiderm emulsija, 15ml",https://www.herba.lt/uriage-depiderm-kremas-pigmentinems-demems-15ml
"Uriage D.S. Hair švelnus balansuojamasis šampūnas, 200ml",https://www.herba.lt/uriage-d-s-svelnus-balansuojamasis-sampunas-200ml
"Uriage Bariederm Cica gelinis prausiklis su Cu-Zn, 200ml",https://www.herba.lt/uriage-bariederm-cica-gelinis-prausiklis-200ml
"Uriage Xemose prausiklis itin sausai odai, 200ml",https://www.herba.lt/uriage-xemose-prausiklis-itin-sausai-odai-200ml
"Uriage Bariederm Cica SPF50 kremas su Cu-Zn, 40ml",https://www.herba.lt/uriage-bariederm-cica-spf50-kremas-su-cu-zn-40ml
"Uriage Baby Cold kremas, 75ml",https://www.herba.lt/uriage-baby-cold-kremas-kudikiams-75ml
"Uriage Baby 1er Change, 100ml",https://www.herba.lt/uriage-baby-1er-change-kremas-nuo-vystyklu-dermatito-100ml
"Uriage raminamasis gelis intymiai higienai GYN-8, 100ml",https://www.herba.lt/raminamasis-gelis-intymiai-higienai-gyn-8-100ml
"Gaivinantis intymios higienos gelis Uriage GYN PHY, 200 ml",https://www.herba.lt/uriage-gelis-intymiai-higienai-gyn-phy-200
"Uriage Baby Lavante prausiklis kudikiams, 200 ml",https://www.herba.lt/uriage-baby-lavante-prausiklis-kudikiams-200ml
"Uriage Baby 1ERE SPF50+ Minerale kremas mažyliams, 50ml",https://www.herba.lt/uriage-baby-1ere-spf50-minerale-kremas-50ml
Uriage Baby 1ER šampūnas 200ml,https://www.herba.lt/uriage-baby-1er-sampunas-kudikiams-200ml
"Uriage rankų kremas EAU THERMALE kasdienei priežiūrai, 50ml ",https://www.herba.lt/uriage-ranku-kremas-kasdienei-prieziurai-50ml
"Rinkinys Uriage: lūpų pieštukai kasdienei priežiūrai, 2 vnt.x 4g",https://www.herba.lt/rinkinys-uriage-lupu-piestukai-2-vnt-x-4g
"Rinkinys Uriage: Hyseac MAT 40ml + Micelinis vanduo M/R, 100ml",https://www.herba.lt/rinkinys-uriage-hyseac-mat-40ml-micelinis-vand-m-r-100ml
Uriage Baby 1ERE drėkininamasis kremas 40ml,https://www.herba.lt/uriage-baby-1ere-drekininamasis-kremas-t-40ml
Uriage Baby Soin Croutes De Lait kremas (pleiskanų luobelei šalinti) 40ml,https://www.herba.lt/uriage-baby-soin-croutes-kremas-pleiskanu-luobelei-40ml
Uriage Baby Soin Peri-Oral kremas (bėrimams aplink burnytę) 30ml,https://www.herba.lt/uriage-baby-soinperioral-kremas-berimui-aplink-burna-30ml
"Uriage Bariederm Cica purškalas su Cu-Zn, 100ml",https://www.herba.lt/uriage-bariederm-cica-purskalas-100ml
"Uriage terminis vanduo, 150ml",https://www.herba.lt/uriage-purskiamas-terminis-vanduo-150ml
Uriage Gommante veido šveitiklis 50ml,https://www.herba.lt/uriage-gommante-gelinis-veido-sveitiklis-50ml
"Rinkinys Uriage: Rankų kremas 30ml + Lūpų pieštukas, 4g",https://www.herba.lt/uriage-dovanu-rinkinys-uriage-ranku-kr-30ml-lupu-piestukas-4g
Uriage Bariederm Cica atkuriamasis kremas su Cu-Zn 40ml,https://www.herba.lt/uriage-bariederm-cica-kremas-atstatomasis-40ml
"Uriage lūpų pieštukas kasdienei priežiūrai, 4g",https://www.herba.lt/uriage-lupu-piestukas-su-hialuronu-4g
"Uriage Micelinis valomasis vanduo jautriai odai, 100ml",https://www.herba.lt/uriage-micelinis-valomasis-vanduo-jautriai-odai-100ml
Uriage Xemose lūpų pieštukas 4g,https://www.herba.lt/uriage-xemose-lupu-piestukas-4g
Uriage Bariederm Cica lūpų balzamas 15ml,https://www.herba.lt/uriage-bariederm-cica-lupu-balzamas-15ml
"Uriage terminis vanduo, 50 ml",https://www.herba.lt/uriage-terminis-vanduo-50ml
